ids,gensec,editor-in-chief,guest,country,date
0,M. S. Gorbachev (1985 - 1991),Korotych V. (1978-1986),"Аббар, Мір Абдул",Afghanistan,1985-12-18T00:00:00
1,M. S. Gorbachev (1985 - 1991),Mykytenko O. (1986-2000),"Аббар, Мір Абдул",Afghanistan,1991-10-04T00:00:00
2,L. I. Brezhnev (1964 - 1982),Korotych V. (1978-1986),"Абурто, Хуан",Nicaragua,1982-09-28T00:00:00
3,M. S. Gorbachev (1985 - 1991),Mykytenko O. (1986-2000),"Абдель Баку, Самір",Egypt,1990-02-14T00:00:00
4,M. S. Gorbachev (1985 - 1991),Korotych V. (1978-1986),"Авастхі, Раджендра",India,1985-10-04T00:00:00
5,M. S. Gorbachev (1985 - 1991),Mykytenko O. (1986-2000),"д’ Авіньйон, Таня",USA,1990-01-31T00:00:00
6,K. U. Chernenko (1984 - 1985),Korotych V. (1978-1986),"Агаті, Сальваторе",USA,1984-10-31T00:00:00
7,K. U. Chernenko (1984 - 1985),Korotych V. (1978-1986),"Адам, Петер",Hungary,1984-09-12T00:00:00
8,Y. V. Andropov (1982 - 1984),Korotych V. (1978-1986),"Акчан, Дурсум",Turkey,1983-03-23T00:00:00
9,Y. V. Andropov (1982 - 1984),Korotych V. (1978-1986),"Александру, Раду Ф.",Romania,1983-11-18T00:00:00
10,L. I. Brezhnev (1964 - 1982),Pavlychko D. (1971-1978),"Алексич, Славолюб",Yugoslavia,1977-03-23T00:00:00
11,L. I. Brezhnev (1964 - 1982),Korotych V. (1978-1986),"Алеман Окампо, Карло",Nicaragua,1982-09-28T00:00:00
12,M. S. Gorbachev (1985 - 1991),Korotych V. (1978-1986),"Альварес, Імельдо",Cuba,1985-12-13T00:00:00
13,K. U. Chernenko (1984 - 1985),Korotych V. (1978-1986),"Аль-Хатіб, Гуссам",Syria,1984-12-14T00:00:00
14,M. S. Gorbachev (1985 - 1991),Mykytenko O. (1986-2000),"Альфредо Родрігес, Мануель",Venezuela,1988-04-15T00:00:00
15,M. S. Gorbachev (1985 - 1991),Mykytenko O. (1986-2000),"Ангелакі-Рук, Катеріна",Greece,1989-05-15T00:00:00
16,M. S. Gorbachev (1985 - 1991),Mykytenko O. (1986-2000),"Андієвська, Емма",Germany,1991-06-29T00:00:00
17,L. I. Brezhnev (1964 - 1982),Korotych V. (1978-1986),"Андрічік, Юрай",Czechoslovak Socialist Republic(Slovakia),1981-10-28T00:00:00
18,L. I. Brezhnev (1964 - 1982),Poltoratskyy O. (1958-1971),"Антонов, Ніколай",Bulgaria,1968-12-31T00:00:00
19,L. I. Brezhnev (1964 - 1982),Poltoratskyy O. (1958-1971),"Антонов, Ніколай",Bulgaria,1969-12-31T00:00:00
20,M. S. Gorbachev (1985 - 1991),Mykytenko O. (1986-2000),"Анхель Олівера, Мігель",Uruguay,1988-09-06T00:00:00
21,L. I. Brezhnev (1964 - 1982),Pavlychko D. (1971-1978),Ань Дик,Vietnam,1977-10-11T00:00:00
22,Y. V. Andropov (1982 - 1984),Korotych V. (1978-1986),"Аркаш, Йон",Romania,1983-12-06T00:00:00
23,M. S. Gorbachev (1985 - 1991),Mykytenko O. (1986-2000),"Арнасон, Девід",Canada,1991-05-14T00:00:00
24,K. U. Chernenko (1984 - 1985),Korotych V. (1978-1986),"Асусена Торрес, Альба",Nicaragua,1984-07-03T00:00:00
25,K. U. Chernenko (1984 - 1985),Korotych V. (1978-1986),Ататі С.,USA,1984-10-15T00:00:00
26,L. I. Brezhnev (1964 - 1982),Pavlychko D. (1971-1978),А Аунг Чжо,Myanmar,1974-10-23T00:00:00
27,L. I. Brezhnev (1964 - 1982),Korotych V. (1978-1986),"Аух’єр, Анхель",Cuba,1978-09-12T00:00:00
28,L. I. Brezhnev (1964 - 1982),Pavlychko D. (1971-1978),"Ашк, Упендранатх",India,1974-05-31T00:00:00
29,L. I. Brezhnev (1964 - 1982),Pavlychko D. (1971-1978),Баасакжав О.,Mongolia,1974-09-07T00:00:00
30,M. S. Gorbachev (1985 - 1991),Mykytenko O. (1986-2000),"Багрій, Романа",Canada,1989-08-31T00:00:00
31,L. I. Brezhnev (1964 - 1982),Pavlychko D. (1971-1978),"Бажо, Мартон",Hungary,1978-05-30T00:00:00
32,Y. V. Andropov (1982 - 1984),Korotych V. (1978-1986),"Бажо, Мартон",Hungary,1983-01-28T00:00:00
33,M. S. Gorbachev (1985 - 1991),Mykytenko O. (1986-2000),"Баку(Бакі), Самір Абдель",Egypt,1990-02-14T00:00:00
34,M. S. Gorbachev (1985 - 1991),Mykytenko O. (1986-2000),"Балан, Ярослав",Canada,1990-09-12T00:00:00
35,L. I. Brezhnev (1964 - 1982),Pavlychko D. (1971-1978),"Балла, Дюла",Hungary,1976-09-24T00:00:00
36,M. S. Gorbachev (1985 - 1991),Mykytenko O. (1986-2000),Бао Венді,China,1989-07-27T00:00:00
37,K. U. Chernenko (1984 - 1985),Korotych V. (1978-1986),"Банзрагч, Біленгтійн",Mongolia,1984-10-26T00:00:00
38,M. S. Gorbachev (1985 - 1991),Mykytenko O. (1986-2000),"Бар-Йосеф, Хамуталь",Israel,1991-09-27T00:00:00
39,L. I. Brezhnev (1964 - 1982),Pavlychko D. (1971-1978),Барбан X.,Cuba,1974-09-26T00:00:00
40,M. S. Gorbachev (1985 - 1991),Mykytenko O. (1986-2000),"Барлоу, Артур",USA,1991-03-29T00:00:00
41,L. I. Brezhnev (1964 - 1982),Pavlychko D. (1971-1978),"Барналай, Махмуд",Afghanistan,1976-11-04T00:00:00
42,L. I. Brezhnev (1964 - 1982),Pavlychko D. (1971-1978),Бачкув Ю.,Poland,1975-12-31T00:00:00
43,K. U. Chernenko (1984 - 1985),Korotych V. (1978-1986),"Бгарадваджа, Равурі",India,1984-08-20T00:00:00
44,M. S. Gorbachev (1985 - 1991),Mykytenko O. (1986-2000),"Бгаттачар’я, Набарун",India,1986-12-23T00:00:00
45,L. I. Brezhnev (1964 - 1982),Poltoratskyy O. (1958-1971),"Белев, Кристю",Bulgaria,1968-12-31T00:00:00
46,M. S. Gorbachev (1985 - 1991),Mykytenko O. (1986-2000),"Белов, Алексей",Brazil,1988-09-01T00:00:00
47,L. I. Brezhnev (1964 - 1982),Pavlychko D. (1971-1978),"Бенедетті, Маріо",Uruguay,1977-06-24T00:00:00
48,K. U. Chernenko (1984 - 1985),Korotych V. (1978-1986),"Беттін, Вернер",German Democratic Republic,1984-10-26T00:00:00
49,K. U. Chernenko (1984 - 1985),Korotych V. (1978-1986),"Бехтель, Мерелін",USA,1984-06-22T00:00:00
50,L. I. Brezhnev (1964 - 1982),Poltoratskyy O. (1958-1971),"Бжоза, Ян",Poland,1968-12-31T00:00:00
51,M. S. Gorbachev (1985 - 1991),Mykytenko O. (1986-2000),"Білас, Волтер",Great Britain,1988-08-26T00:00:00
52,M. S. Gorbachev (1985 - 1991),Mykytenko O. (1986-2000),"Більче, Муамер",Turkey,1990-04-11T00:00:00
53,L. I. Brezhnev (1964 - 1982),Korotych V. (1978-1986),"Бляйшер, Сілья",France,1981-09-11T00:00:00
54,M. S. Gorbachev (1985 - 1991),Mykytenko O. (1986-2000),"Богдашевська, Ірина",Argentina,1990-03-02T00:00:00
55,M. S. Gorbachev (1985 - 1991),Korotych V. (1978-1986),"Буено, Сальвадор",Cuba,1985-12-13T00:00:00
56,L. I. Brezhnev (1964 - 1982),Pavlychko D. (1971-1978),"Бури, Станіслав Едвард",Poland,1972-09-20T00:00:00
57,L. I. Brezhnev (1964 - 1982),Poltoratskyy O. (1958-1971),"Бркович, Сврем",Yugoslavia,1969-12-31T00:00:00
58,L. I. Brezhnev (1964 - 1982),Korotych V. (1978-1986),"Брюкнер, Вернер",German Democratic Republic,1981-12-04T00:00:00
59,L. I. Brezhnev (1964 - 1982),Korotych V. (1978-1986),"Вадкертійова, Лідія",Czechoslovak Socialist Republic(Slovakia),1981-09-23T00:00:00
60,L. I. Brezhnev (1964 - 1982),Pavlychko D. (1971-1978),"Вад, Поль",Denmark,1975-02-28T00:00:00
61,L. I. Brezhnev (1964 - 1982),Pavlychko D. (1971-1978),"Вакакура, Масао",Japan,1973-10-30T00:00:00
62,M. S. Gorbachev (1985 - 1991),Mykytenko O. (1986-2000),Валдгардсон В. Д.,Canada,1988-01-06T00:00:00
63,L. I. Brezhnev (1964 - 1982),Pavlychko D. (1971-1978),"Валіш, Каройне",Hungary,1974-07-31T00:00:00
64,L. I. Brezhnev (1964 - 1982),Poltoratskyy O. (1958-1971),"Валько, Дьердь",Hungary,1968-12-31T00:00:00
65,M. S. Gorbachev (1985 - 1991),Mykytenko O. (1986-2000),"Вайтом, Бернар",France,1990-12-13T00:00:00
66,L. I. Brezhnev (1964 - 1982),Pavlychko D. (1971-1978),Ванчаарай Ш.,Mongolia,1974-09-07T00:00:00
67,L. I. Brezhnev (1964 - 1982),Pavlychko D. (1971-1978),"Ванькова, Алена",Czechoslovak Socialist Republic(Czechia),1976-10-31T00:00:00
68,K. U. Chernenko (1984 - 1985),Korotych V. (1978-1986),"Варма(Верма), Шрікант з дружиною",India,1984-07-19T00:00:00
69,L. I. Brezhnev (1964 - 1982),Pavlychko D. (1971-1978),"Варненська, Моніка",Poland,1977-01-17T00:00:00
70,Y. V. Andropov (1982 - 1984),Korotych V. (1978-1986),"Величкович, Павле",Yugoslavia,1983-04-07T00:00:00
71,M. S. Gorbachev (1985 - 1991),Mykytenko O. (1986-2000),"Велкер, Фран",USA,1991-12-31T00:00:00
72,M. S. Gorbachev (1985 - 1991),Mykytenko O. (1986-2000),"Вельбертс, Рольф",Federal Republic of Germany,1990-04-04T00:00:00
73,L. I. Brezhnev (1964 - 1982),Pavlychko D. (1971-1978),"Вентура, Маріо",Portugal,1977-05-24T00:00:00
74,L. I. Brezhnev (1964 - 1982),Pavlychko D. (1971-1978),"Вентурі, Марчелло",Italy,1977-10-17T00:00:00
75,L. I. Brezhnev (1964 - 1982),Pavlychko D. (1971-1978),"Вереш, Йожеф",Hungary,1971-11-22T00:00:00
76,L. I. Brezhnev (1964 - 1982),Poltoratskyy O. (1958-1971),"Вишневський, Сжи",Poland,1971-05-14T00:00:00
77,M. S. Gorbachev (1985 - 1991),Mykytenko O. (1986-2000),"Віддікомбе, Тейн",Canada,1988-10-12T00:00:00
78,M. S. Gorbachev (1985 - 1991),Mykytenko O. (1986-2000),"Він Пе, Моньва",Myanmar,1991-09-30T00:00:00
79,L. I. Brezhnev (1964 - 1982),Pavlychko D. (1971-1978),"Вітана, Гунасена",Sri Lanka,1974-11-29T00:00:00
80,K. U. Chernenko (1984 - 1985),Korotych V. (1978-1986),Віткова М.,Czechoslovak Socialist Republic(Czechia),1984-12-13T00:00:00
81,M. S. Gorbachev (1985 - 1991),Mykytenko O. (1986-2000),"Вовк, Віра",Brazil,1990-09-12T00:00:00
82,K. U. Chernenko (1984 - 1985),Korotych V. (1978-1986),"Воскович, Владімір",Poland,1984-10-19T00:00:00
83,M. S. Gorbachev (1985 - 1991),Korotych V. (1978-1986),"Восковський, Владімеж",Poland,1986-03-17T00:00:00
84,M. S. Gorbachev (1985 - 1991),Mykytenko O. (1986-2000),"Восковський, Владімеж",Poland,1986-09-11T00:00:00
85,M. S. Gorbachev (1985 - 1991),Korotych V. (1978-1986),"Вуїчич, Марієта",Hungary,1986-04-01T00:00:00
86,M. S. Gorbachev (1985 - 1991),Mykytenko O. (1986-2000),"Вулевич, Чедо",Yugoslavia,1988-08-05T00:00:00
87,M. S. Gorbachev (1985 - 1991),Mykytenko O. (1986-2000),"Вулевич, Чедо",Yugoslavia,1988-12-12T00:00:00
88,M. S. Gorbachev (1985 - 1991),Korotych V. (1978-1986),"Гааг, Фолькер",Federal Republic of Germany,1986-04-23T00:00:00
89,L. I. Brezhnev (1964 - 1982),Poltoratskyy O. (1958-1971),"Габе, Дора",Bulgaria,1969-12-31T00:00:00
90,L. I. Brezhnev (1964 - 1982),Pavlychko D. (1971-1978),"Гавеші, Маріан",Czechoslovak Socialist Republic(Slovakia),1976-09-30T00:00:00
91,M. S. Gorbachev (1985 - 1991),Mykytenko O. (1986-2000),"Гаврилишин, Богдан",Switzerland,1990-03-06T00:00:00
92,L. I. Brezhnev (1964 - 1982),Poltoratskyy O. (1958-1971),"Галіс, Адам",Poland,1968-12-31T00:00:00
93,Y. V. Andropov (1982 - 1984),Korotych V. (1978-1986),"Гангопадх’яі, Суніл(Галготі)",India,1983-05-10T00:00:00
94,M. S. Gorbachev (1985 - 1991),Mykytenko O. (1986-2000),"Гарасим, Василь",Canada,1987-12-22T00:00:00
95,M. S. Gorbachev (1985 - 1991),Mykytenko O. (1986-2000),"Гарма, Джорджійн",Mongolia,1988-08-26T00:00:00
96,L. I. Brezhnev (1964 - 1982),Pavlychko D. (1971-1978),"Гарре, Таісто",Finland,1975-11-30T00:00:00
97,M. S. Gorbachev (1985 - 1991),Mykytenko O. (1986-2000),"Гарсіа Ронда, Денія",Cuba,1988-07-13T00:00:00
98,L. I. Brezhnev (1964 - 1982),Pavlychko D. (1971-1978),"Гаузер, Арнольд",German Democratic Republic,1977-11-23T00:00:00
99,L. I. Brezhnev (1964 - 1982),Poltoratskyy O. (1958-1971),"Гауптман, Гельмут",German Democratic Republic,1969-12-31T00:00:00
100,M. S. Gorbachev (1985 - 1991),Mykytenko O. (1986-2000),"Гаф-Елбертс, Джо-Енн",USA,1991-12-31T00:00:00
101,M. S. Gorbachev (1985 - 1991),Mykytenko O. (1986-2000),Ге Баоцюань,China,1987-01-04T00:00:00
102,M. S. Gorbachev (1985 - 1991),Mykytenko O. (1986-2000),Ге Сяодун,China,1987-01-04T00:00:00
103,M. S. Gorbachev (1985 - 1991),Mykytenko O. (1986-2000),"Геберт, Елсі С.",USA,1991-12-31T00:00:00
104,L. I. Brezhnev (1964 - 1982),Pavlychko D. (1971-1978),"Гебнер, Рольф",German Democratic Republic,1978-05-26T00:00:00
105,L. I. Brezhnev (1964 - 1982),Korotych V. (1978-1986),"Гебнер, Рольф",German Democratic Republic,1981-07-10T00:00:00
106,Y. V. Andropov (1982 - 1984),Korotych V. (1978-1986),"Гебнер, Рольф",German Democratic Republic,1983-05-23T00:00:00
107,K. U. Chernenko (1984 - 1985),Korotych V. (1978-1986),"Гебнер, Рольф",German Democratic Republic,1984-05-16T00:00:00
108,K. U. Chernenko (1984 - 1985),Korotych V. (1978-1986),"Гебнер, Рольф",German Democratic Republic,1984-11-28T00:00:00
109,M. S. Gorbachev (1985 - 1991),Korotych V. (1978-1986),"Гебнер, Рольф",German Democratic Republic,1985-11-20T00:00:00
110,N. S. Khrushchev (1953 - 1964),Poltoratskyy O. (1958-1971),"Гельстед, Отто",Denmark,1959-12-31T00:00:00
111,L. I. Brezhnev (1964 - 1982),Pavlychko D. (1971-1978),"Гельфалві, Дьєрдь(Георгій)",Romania,1977-11-23T00:00:00
112,M. S. Gorbachev (1985 - 1991),Mykytenko O. (1986-2000),"Гендерсон, Мае",USA,1989-07-11T00:00:00
113,M. S. Gorbachev (1985 - 1991),Mykytenko O. (1986-2000),"Гендс, Джон",Great Britain,1991-12-11T00:00:00
114,L. I. Brezhnev (1964 - 1982),Poltoratskyy O. (1958-1971),"Герлах, Ієнс",German Democratic Republic,1968-12-31T00:00:00
115,L. I. Brezhnev (1964 - 1982),Poltoratskyy O. (1958-1971),"Германов, Андрій",Bulgaria,1968-12-31T00:00:00
116,L. I. Brezhnev (1964 - 1982),Pavlychko D. (1971-1978),"Гіакан, Юіті",Japan,1977-09-30T00:00:00
117,M. S. Gorbachev (1985 - 1991),Mykytenko O. (1986-2000),"Гінламіре, Будданна",India,1989-12-15T00:00:00
118,L. I. Brezhnev (1964 - 1982),Poltoratskyy O. (1958-1971),"Гісгесо, Ян Марія",Poland,1971-05-14T00:00:00
119,K. U. Chernenko (1984 - 1985),Korotych V. (1978-1986),"Гліссан, Едуар",Martinique,1985-01-14T00:00:00
120,L. I. Brezhnev (1964 - 1982),Pavlychko D. (1971-1978),"Горак, Станіслав",Poland,1977-04-23T00:00:00
121,K. U. Chernenko (1984 - 1985),Korotych V. (1978-1986),"Гондаш, Ерна",Hungary,1984-06-15T00:00:00
122,K. U. Chernenko (1984 - 1985),Korotych V. (1978-1986),"Горак, Владімір",Poland,1984-10-26T00:00:00
123,L. I. Brezhnev (1964 - 1982),Poltoratskyy O. (1958-1971),"Граб, Мечислав",Poland,1971-05-14T00:00:00
124,L. I. Brezhnev (1964 - 1982),Pavlychko D. (1971-1978),"Гравіна, Альфредо",Uruguay(emigrated to Cuba),1977-05-20T00:00:00
125,K. U. Chernenko (1984 - 1985),Korotych V. (1978-1986),"Грассо, Антоніо",USA,1984-10-15T00:00:00
126,Y. V. Andropov (1982 - 1984),Korotych V. (1978-1986),"Грассо, Маріо з дружиною",USA,1983-06-15T00:00:00
127,K. U. Chernenko (1984 - 1985),Korotych V. (1978-1986),"Грассо, Маріо з дружиною",USA,1984-10-15T00:00:00
128,M. S. Gorbachev (1985 - 1991),Mykytenko O. (1986-2000),"Грегоріч, Луїс",Argentina,1990-03-02T00:00:00
129,L. I. Brezhnev (1964 - 1982),Poltoratskyy O. (1958-1971),"Гренджа-Донський, Василь",Czechoslovak Socialist Republic(Slovakia),1969-12-31T00:00:00
130,M. S. Gorbachev (1985 - 1991),Mykytenko O. (1986-2000),"Грехем, Мері Емма",USA,1989-07-11T00:00:00
131,L. I. Brezhnev (1964 - 1982),Poltoratskyy O. (1958-1971),"Григаші, Сва",Hungary,1969-12-31T00:00:00
132,M. S. Gorbachev (1985 - 1991),Mykytenko O. (1986-2000),"Гринюк, Стелла",Canada,1991-05-14T00:00:00
133,L. I. Brezhnev (1964 - 1982),Pavlychko D. (1971-1978),"Гру я, Стеліан",Romania,1972-06-14T00:00:00
134,M. S. Gorbachev (1985 - 1991),Mykytenko O. (1986-2000),Гу Чен,China,1991-05-29T00:00:00
135,M. S. Gorbachev (1985 - 1991),Mykytenko O. (1986-2000),"Гузман, Габіб Суккар",Costa Rica,1990-03-02T00:00:00
136,L. I. Brezhnev (1964 - 1982),Korotych V. (1978-1986),"Гупта, Харіш",India,1978-10-03T00:00:00
137,L. I. Brezhnev (1964 - 1982),Pavlychko D. (1971-1978),"Гупту, Амітава",India,1977-01-06T00:00:00
138,L. I. Brezhnev (1964 - 1982),Pavlychko D. (1971-1978),"Гурановський, Ян Людвік",Poland,1973-04-26T00:00:00
139,L. I. Brezhnev (1964 - 1982),Pavlychko D. (1971-1978),"Густафсон, Ралф",Canada,1976-09-22T00:00:00
140,M. S. Gorbachev (1985 - 1991),Mykytenko O. (1986-2000),"Гутаі, Магда",Hungary,1987-09-02T00:00:00
141,M. S. Gorbachev (1985 - 1991),Mykytenko O. (1986-2000),"Гхулам, Акі",India,1986-12-23T00:00:00
142,L. I. Brezhnev (1964 - 1982),Korotych V. (1978-1986),"Гьорліх, Ганс Йорг",German Democratic Republic,1981-12-04T00:00:00
143,M. S. Gorbachev (1985 - 1991),Mykytenko O. (1986-2000),Дав Чо Чо Тін,Myanmar,1991-09-30T00:00:00
144,L. I. Brezhnev (1964 - 1982),Poltoratskyy O. (1958-1971),"Давидков, Іван",Bulgaria,1968-12-31T00:00:00
145,L. I. Brezhnev (1964 - 1982),Korotych V. (1978-1986),"Дангем, Вера С.",USA,1982-07-29T00:00:00
146,M. S. Gorbachev (1985 - 1991),Korotych V. (1978-1986),"Дас, Сітаншу Мохан",India,1985-12-20T00:00:00
147,L. I. Brezhnev (1964 - 1982),Poltoratskyy O. (1958-1971),"Дасгупта, Самір",India,1971-05-27T00:00:00
148,M. S. Gorbachev (1985 - 1991),Mykytenko O. (1986-2000),"Дашдооров, Сормууниршийн",Mongolia,1987-07-28T00:00:00
149,M. S. Gorbachev (1985 - 1991),Mykytenko O. (1986-2000),"Де, Олександр",Great Britain,1991-06-13T00:00:00
150,L. I. Brezhnev (1964 - 1982),Pavlychko D. (1971-1978),"Де Ораа, Франсіско",Cuba,1975-06-11T00:00:00
151,K. U. Chernenko (1984 - 1985),Korotych V. (1978-1986),"Девіс, Джон",USA,1984-06-22T00:00:00
152,M. S. Gorbachev (1985 - 1991),Mykytenko O. (1986-2000),"Дегрев, Крістоф",Belgium,1988-06-27T00:00:00
153,M. S. Gorbachev (1985 - 1991),Mykytenko O. (1986-2000),"Дельгадо, Антоніо",Mexico,1990-04-23T00:00:00
154,M. S. Gorbachev (1985 - 1991),Mykytenko O. (1986-2000),"Джексон-Бек, Мерілін",USA,1991-12-31T00:00:00
155,M. S. Gorbachev (1985 - 1991),Mykytenko O. (1986-2000),"Дженіг, Волтер Б.",USA,1991-12-31T00:00:00
156,L. I. Brezhnev (1964 - 1982),Pavlychko D. (1971-1978),"Джеркович, Момчило",Yugoslavia,1975-04-25T00:00:00
157,L. I. Brezhnev (1964 - 1982),Pavlychko D. (1971-1978),"Джеркович, Момчило",Yugoslavia,1977-06-21T00:00:00
158,L. I. Brezhnev (1964 - 1982),Pavlychko D. (1971-1978),"Димитріев, Мирослав",Yugoslavia,1977-08-25T00:00:00
159,L. I. Brezhnev (1964 - 1982),Pavlychko D. (1971-1978),"Джумали, Неджаті",Turkey,1973-12-31T00:00:00
160,Y. V. Andropov (1982 - 1984),Korotych V. (1978-1986),"Димов, Явко",Bulgaria,1983-05-18T00:00:00
161,L. I. Brezhnev (1964 - 1982),Pavlychko D. (1971-1978),"Діггельман, Вальтер Маттіас",Switzerland,1975-07-11T00:00:00
162,L. I. Brezhnev (1964 - 1982),Poltoratskyy O. (1958-1971),"Дієго, Елісео",Cuba,1968-12-31T00:00:00
163,L. I. Brezhnev (1964 - 1982),Pavlychko D. (1971-1978),До Тю,Vietnam,1977-10-11T00:00:00
164,L. I. Brezhnev (1964 - 1982),Pavlychko D. (1971-1978),"Добровольські, Розалія і Станіслав",Canada,1976-08-06T00:00:00
165,Y. V. Andropov (1982 - 1984),Korotych V. (1978-1986),"Доплікер, Фабіо",Italy,1983-08-09T00:00:00
166,K. U. Chernenko (1984 - 1985),Korotych V. (1978-1986),"Драганов, Неделчо",Bulgaria,1984-10-26T00:00:00
167,L. I. Brezhnev (1964 - 1982),Pavlychko D. (1971-1978),"Дроздовський, Богдан",Poland,1977-04-23T00:00:00
168,M. S. Gorbachev (1985 - 1991),Mykytenko O. (1986-2000),"Ду, Шуін",China,1988-03-23T00:00:00
169,L. I. Brezhnev (1964 - 1982),Korotych V. (1978-1986),"Дутина, Тодор",Yugoslavia,1978-12-31T00:00:00
170,M. S. Gorbachev (1985 - 1991),Mykytenko O. (1986-2000),"Дюлане, Едда Ійєш",Hungary,1988-11-02T00:00:00
171,M. S. Gorbachev (1985 - 1991),Korotych V. (1978-1986),"Дюринова-Павулякова, Наташа",Slovakia,1985-10-02T00:00:00
172,L. I. Brezhnev (1964 - 1982),Pavlychko D. (1971-1978),"Дянков, Кристан",Bulgaria,1976-05-13T00:00:00
173,L. I. Brezhnev (1964 - 1982),Pavlychko D. (1971-1978),Е Муїн,Myanmar,1974-10-23T00:00:00
174,M. S. Gorbachev (1985 - 1991),Mykytenko O. (1986-2000),"Егурен Віньялета, Густаво",Cuba,1990-02-02T00:00:00
175,M. S. Gorbachev (1985 - 1991),Mykytenko O. (1986-2000),"Ейкок, Френк А.",USA,1991-12-31T00:00:00
176,M. S. Gorbachev (1985 - 1991),Mykytenko O. (1986-2000),"Емерсон, Пітер Північна",Ireland,1987-06-23T00:00:00
177,M. S. Gorbachev (1985 - 1991),Mykytenko O. (1986-2000),"Енценсбергер, Ганс Магнус",Federal Republic of Germany,1991-10-22T00:00:00
178,L. I. Brezhnev (1964 - 1982),Korotych V. (1978-1986),"Еньяді, Дьердь",Hungary,1982-04-29T00:00:00
179,L. I. Brezhnev (1964 - 1982),Poltoratskyy O. (1958-1971),"Ердінч, Фахрі",Turkey,1968-12-31T00:00:00
180,L. I. Brezhnev (1964 - 1982),Poltoratskyy O. (1958-1971),"Ерера Гарсіа, Адольфо",Costa Rica,1969-12-31T00:00:00
181,L. I. Brezhnev (1964 - 1982),Korotych V. (1978-1986),"Есван, Франсуа",France,1981-12-04T00:00:00
182,K. U. Chernenko (1984 - 1985),Korotych V. (1978-1986),"Естебанель Діас, Естебан",Cuba,1984-03-26T00:00:00
183,L. I. Brezhnev (1964 - 1982),Pavlychko D. (1971-1978),"Євтимов, Крісло",Bulgaria,1974-03-21T00:00:00
184,L. I. Brezhnev (1964 - 1982),Poltoratskyy O. (1958-1971),"Єнджеевич, Єжи",Poland,1971-05-14T00:00:00
185,L. I. Brezhnev (1964 - 1982),Poltoratskyy O. (1958-1971),"Жабкай, Володимир",Czechoslovak Socialist Republic(Slovakia),1969-12-31T00:00:00
186,L. I. Brezhnev (1964 - 1982),Pavlychko D. (1971-1978),"Жаньєр, Клод",France,1977-05-19T00:00:00
187,L. I. Brezhnev (1964 - 1982),Poltoratskyy O. (1958-1971),"Залуський, Збігнєв",Poland,1969-12-31T00:00:00
188,L. I. Brezhnev (1964 - 1982),Pavlychko D. (1971-1978),"Зелінова, Гана",Czechoslovak Socialist Republic(Slovakia),1977-09-20T00:00:00
189,M. S. Gorbachev (1985 - 1991),Mykytenko O. (1986-2000),"Зіттнер, Гернот",Federal Republic of Germany,1991-10-22T00:00:00
190,M. S. Gorbachev (1985 - 1991),Mykytenko O. (1986-2000),"Зуевський, Олег",Canada,1990-09-12T00:00:00
191,L. I. Brezhnev (1964 - 1982),Pavlychko D. (1971-1978),"Іванов, Захарій",Bulgaria,1974-03-21T00:00:00
192,L. I. Brezhnev (1964 - 1982),Korotych V. (1978-1986),"Іванова, Анета",Bulgaria,1981-11-12T00:00:00
193,M. S. Gorbachev (1985 - 1991),Mykytenko O. (1986-2000),"Івахів, Адріан",Canada,1990-01-31T00:00:00
194,M. S. Gorbachev (1985 - 1991),Mykytenko O. (1986-2000),"Івахів, Адріан",Canada,1990-03-02T00:00:00
195,L. I. Brezhnev (1964 - 1982),Pavlychko D. (1971-1978),"Івашкевич, Ярослав",Poland,1974-09-09T00:00:00
196,L. I. Brezhnev (1964 - 1982),Pavlychko D. (1971-1978),"Івашкевич, Ярослав",Poland,1977-04-23T00:00:00
197,M. S. Gorbachev (1985 - 1991),Mykytenko O. (1986-2000),"Ійонгес, Ганс Ґеорг",Federal Republic of Germany,1991-10-22T00:00:00
198,N. S. Khrushchev (1953 - 1964),Poltoratskyy O. (1958-1971),"Ікаса, Хорхе",Venezuela,1961-01-12T00:00:00
199,L. I. Brezhnev (1964 - 1982),Pavlychko D. (1971-1978),"Іллеш, Ласло",Hungary,1976-04-30T00:00:00
200,L. I. Brezhnev (1964 - 1982),Poltoratskyy O. (1958-1971),"Іобст, Герберт",German Democratic Republic,1969-12-31T00:00:00
201,M. S. Gorbachev (1985 - 1991),Mykytenko O. (1986-2000),"Істермен, Макс",Great Britain,1989-07-03T00:00:00
202,M. S. Gorbachev (1985 - 1991),Mykytenko O. (1986-2000),"Йоделіс Сміт, Мері Енн",USA,1991-03-29T00:00:00
203,Y. V. Andropov (1982 - 1984),Korotych V. (1978-1986),"Йоргенсен, Нанна",Denmark,1983-06-01T00:00:00
204,L. I. Brezhnev (1964 - 1982),Korotych V. (1978-1986),"Кабальєро, Дам’ян",Cuba,1982-04-16T00:00:00
205,L. I. Brezhnev (1964 - 1982),Pavlychko D. (1971-1978),"Кабатц, Еугеніюш",Poland,1973-12-31T00:00:00
206,L. I. Brezhnev (1964 - 1982),Pavlychko D. (1971-1978),"Кавалець, Юліан",Poland,1974-12-02T00:00:00
207,L. I. Brezhnev (1964 - 1982),Pavlychko D. (1971-1978),"Кавалець, Юліан",Poland,1974-12-10T00:00:00
208,L. I. Brezhnev (1964 - 1982),Pavlychko D. (1971-1978),"Кавалець, Юліан",Poland,1977-04-23T00:00:00
209,M. S. Gorbachev (1985 - 1991),Mykytenko O. (1986-2000),"Кавалець, Ярослав",Poland,1989-06-26T00:00:00
210,M. S. Gorbachev (1985 - 1991),Mykytenko O. (1986-2000),"Кавалець, Анна",Poland,1989-06-26T00:00:00
211,L. I. Brezhnev (1964 - 1982),Pavlychko D. (1971-1978),"Kara, Отохіко",Japan,1977-09-30T00:00:00
212,L. I. Brezhnev (1964 - 1982),Pavlychko D. (1971-1978),"Када, Юлія",Hungary,1975-12-31T00:00:00
213,Y. V. Andropov (1982 - 1984),Korotych V. (1978-1986),"Када, Юлія",Hungary,1983-05-25T00:00:00
214,L. I. Brezhnev (1964 - 1982),Poltoratskyy O. (1958-1971),"Кайш, Ген рік",German Democratic Republic,1969-12-31T00:00:00
215,K. U. Chernenko (1984 - 1985),Korotych V. (1978-1986),"Калатретта, Маттео",USA,1984-10-15T00:00:00
216,L. I. Brezhnev (1964 - 1982),Korotych V. (1978-1986),"Канева, Калина",Bulgaria,1981-12-03T00:00:00
217,Y. V. Andropov (1982 - 1984),Korotych V. (1978-1986),"Канева, Калина",Bulgaria,1983-09-12T00:00:00
218,M. S. Gorbachev (1985 - 1991),Mykytenko O. (1986-2000),"Кальхас Рос, Бернардо",Cuba,1988-09-23T00:00:00
219,Y. V. Andropov (1982 - 1984),Korotych V. (1978-1986),"Канеко, Кен з дружиною",Japan,1983-10-05T00:00:00
220,M. S. Gorbachev (1985 - 1991),Mykytenko O. (1986-2000),"Канланга, Дала",Laos,1989-08-16T00:00:00
221,L. I. Brezhnev (1964 - 1982),Poltoratskyy O. (1958-1971),"Канн, Марія",Poland,1968-12-31T00:00:00
222,M. S. Gorbachev (1985 - 1991),Mykytenko O. (1986-2000),"Капрілес, Рене",Brazil,1986-10-31T00:00:00
223,L. I. Brezhnev (1964 - 1982),Poltoratskyy O. (1958-1971),"Каріг, Шара",Hungary,1970-12-31T00:00:00
224,L. I. Brezhnev (1964 - 1982),Pavlychko D. (1971-1978),"Каріг, Шара",Hungary,1971-09-26T00:00:00
225,L. I. Brezhnev (1964 - 1982),Pavlychko D. (1971-1978),"Каріг, Шара",Hungary,1973-10-15T00:00:00
226,L. I. Brezhnev (1964 - 1982),Pavlychko D. (1971-1978),"Каріг, Шара",Hungary,1977-03-28T00:00:00
227,L. I. Brezhnev (1964 - 1982),Korotych V. (1978-1986),"Каріг, Шара",Hungary,1981-02-26T00:00:00
228,K. U. Chernenko (1984 - 1985),Korotych V. (1978-1986),"Каріг, Шара",Hungary,1984-05-16T00:00:00
229,M. S. Gorbachev (1985 - 1991),Mykytenko O. (1986-2000),"Карлсон, Роджер У.",USA,1991-12-31T00:00:00
230,Y. V. Andropov (1982 - 1984),Korotych V. (1978-1986),"Каспер, Рей Чарлз",USA,1983-05-31T00:00:00
231,L. I. Brezhnev (1964 - 1982),Poltoratskyy O. (1958-1971),Каттімані Б.,India,1969-12-31T00:00:00
232,M. S. Gorbachev (1985 - 1991),Mykytenko O. (1986-2000),"Кауфман, Джон А.",USA,1991-12-31T00:00:00
233,L. I. Brezhnev (1964 - 1982),Korotych V. (1978-1986),"Квятковський, Курт",German Democratic Republic,1981-01-30T00:00:00
234,Y. V. Andropov (1982 - 1984),Korotych V. (1978-1986),"Кенеді, Аніта",Hungary,1983-01-28T00:00:00
235,L. I. Brezhnev (1964 - 1982),Korotych V. (1978-1986),"Kepi, Ласло",Hungary,1982-06-06T00:00:00
236,Y. V. Andropov (1982 - 1984),Korotych V. (1978-1986),"Керлік, Петер",Czechoslovak Socialist Republic(Slovakia),1983-12-06T00:00:00
237,L. I. Brezhnev (1964 - 1982),Korotych V. (1978-1986),"Кинева, Пенка",Bulgaria,1980-05-16T00:00:00
238,L. I. Brezhnev (1964 - 1982),Korotych V. (1978-1986),"Кинева, Пенка",Bulgaria,1981-01-15T00:00:00
239,Y. V. Andropov (1982 - 1984),Korotych V. (1978-1986),"Кинева, Пенка",Bulgaria,1983-05-18T00:00:00
240,M. S. Gorbachev (1985 - 1991),Mykytenko O. (1986-2000),"Кинева, Пенка",Bulgaria,1991-05-30T00:00:00
241,Y. V. Andropov (1982 - 1984),Korotych V. (1978-1986),Кім Воч,Vietnam,1983-12-21T00:00:00
242,L. I. Brezhnev (1964 - 1982),Pavlychko D. (1971-1978),"Кіраі, Жужа",Hungary,1977-12-31T00:00:00
243,M. S. Gorbachev (1985 - 1991),Mykytenko O. (1986-2000),"Кістер, Мішель",France,1986-10-17T00:00:00
244,L. I. Brezhnev (1964 - 1982),Pavlychko D. (1971-1978),"Кіффер, Розмарі",Luxembourg,1976-08-02T00:00:00
245,M. S. Gorbachev (1985 - 1991),Korotych V. (1978-1986),"Клапка, Ярослав",Czechoslovak Socialist Republic(Czechia),1986-03-12T00:00:00
246,M. S. Gorbachev (1985 - 1991),Mykytenko O. (1986-2000),"Клаф, Гордон",Great Britain,1989-07-03T00:00:00
247,L. I. Brezhnev (1964 - 1982),Pavlychko D. (1971-1978),"Клончіч, Міле",Yugoslavia,1977-06-13T00:00:00
248,M. S. Gorbachev (1985 - 1991),Mykytenko O. (1986-2000),"Кляйншмідт, Зебастьян",German Democratic Republic,1988-06-21T00:00:00
249,M. S. Gorbachev (1985 - 1991),Mykytenko O. (1986-2000),"Ковальський, Маріан",Poland,1987-11-10T00:00:00
250,M. S. Gorbachev (1985 - 1991),Mykytenko O. (1986-2000),"Ковачік, Петр",Czechoslovak Socialist Republic(Czechia),1988-02-19T00:00:00
251,M. S. Gorbachev (1985 - 1991),Mykytenko O. (1986-2000),"Коджо, Янкал",Ghana,1987-11-25T00:00:00
252,L. I. Brezhnev (1964 - 1982),Pavlychko D. (1971-1978),"Козак, Ян",Czechoslovak Socialist Republic(Czechia),1973-12-31T00:00:00
253,L. I. Brezhnev (1964 - 1982),Korotych V. (1978-1986),"Колінько, Інгеборг",German Democratic Republic,1981-06-16T00:00:00
254,K. U. Chernenko (1984 - 1985),Korotych V. (1978-1986),"Коллінз, Карен",USA,1984-06-22T00:00:00
255,L. I. Brezhnev (1964 - 1982),Poltoratskyy O. (1958-1971),"Колунджія, Драган",Yugoslavia,1969-12-31T00:00:00
256,L. I. Brezhnev (1964 - 1982),Pavlychko D. (1971-1978),"Колянківський, Микола",Canada,1974-04-02T00:00:00
257,K. U. Chernenko (1984 - 1985),Korotych V. (1978-1986),"Комараш, Іштван",Hungary,1984-06-15T00:00:00
258,L. I. Brezhnev (1964 - 1982),Pavlychko D. (1971-1978),"Копровський, Ян",Poland,1974-09-09T00:00:00
259,L. I. Brezhnev (1964 - 1982),Poltoratskyy O. (1958-1971),"Корбя, Думітрія",Romania,1968-12-31T00:00:00
260,M. S. Gorbachev (1985 - 1991),Mykytenko O. (1986-2000),"Корсюк, Ніколае",Romania,1990-02-22T00:00:00
261,L. I. Brezhnev (1964 - 1982),Korotych V. (1978-1986),"Косач, Юрій",USA,1982-07-22T00:00:00
262,L. I. Brezhnev (1964 - 1982),Poltoratskyy O. (1958-1971),"Костаке, Антон",Romania,1968-12-31T00:00:00
263,M. S. Gorbachev (1985 - 1991),Mykytenko O. (1986-2000),"Косташ, Мирна",Canada,1988-06-14T00:00:00
264,L. I. Brezhnev (1964 - 1982),Korotych V. (1978-1986),"Костецький, Ігор",Federal Republic of Germany,1981-09-10T00:00:00
265,L. I. Brezhnev (1964 - 1982),Korotych V. (1978-1986),"Костецький, Ігор",Federal Republic of Germany,1982-07-22T00:00:00
266,Y. V. Andropov (1982 - 1984),Korotych V. (1978-1986),"Коутенска, Зденка",Czechoslovak Socialist Republic(Czechia),1983-06-08T00:00:00
267,M. S. Gorbachev (1985 - 1991),Mykytenko O. (1986-2000),"Коцевський, Данило",North Macedonia,1989-05-25T00:00:00
268,L. I. Brezhnev (1964 - 1982),Poltoratskyy O. (1958-1971),"Кошут, Леопард",German Democratic Republic,1968-12-31T00:00:00
269,M. S. Gorbachev (1985 - 1991),Mykytenko O. (1986-2000),"Кравчук, Петро",Canada,1986-10-21T00:00:00
270,M. S. Gorbachev (1985 - 1991),Mykytenko O. (1986-2000),"Кравчук, Петро",Canada,1987-12-22T00:00:00
271,L. I. Brezhnev (1964 - 1982),Korotych V. (1978-1986),"Кранідіотіс, Нікос з дружиною",Greece,1979-07-12T00:00:00
272,Y. V. Andropov (1982 - 1984),Korotych V. (1978-1986),"Крафт, Гізела",West Berlin,1983-12-16T00:00:00
273,M. S. Gorbachev (1985 - 1991),Mykytenko O. (1986-2000),"Кретч, Роберт",Canada,1991-05-14T00:00:00
274,K. U. Chernenko (1984 - 1985),Korotych V. (1978-1986),"Кристов, Венко",Bulgaria,1984-10-19T00:00:00
275,M. S. Gorbachev (1985 - 1991),Mykytenko O. (1986-2000),"Крістобал Перес, Армандо В.",Cuba,1988-05-12T00:00:00
276,L. I. Brezhnev (1964 - 1982),Pavlychko D. (1971-1978),"Крішнан, Кунхі",India,1976-11-03T00:00:00
277,L. I. Brezhnev (1964 - 1982),Poltoratskyy O. (1958-1971),"Крно, Мілош",Czechoslovak Socialist Republic(Slovakia),1968-12-31T00:00:00
278,L. I. Brezhnev (1964 - 1982),Poltoratskyy O. (1958-1971),"Крузе, Вернер",German Democratic Republic,1969-12-31T00:00:00
279,L. I. Brezhnev (1964 - 1982),Pavlychko D. (1971-1978),"Крус, Марі",Cuba,1971-12-20T00:00:00
280,L. I. Brezhnev (1964 - 1982),Pavlychko D. (1971-1978),"Крюба, Еміль",France,1974-05-31T00:00:00
281,L. I. Brezhnev (1964 - 1982),Pavlychko D. (1971-1978),"Кубіпіта, Людек",Czechoslovak Socialist Republic(Czechia),1974-11-21T00:00:00
282,M. S. Gorbachev (1985 - 1991),Mykytenko O. (1986-2000),"Кулчар, Іштван",Hungary,1990-01-09T00:00:00
283,M. S. Gorbachev (1985 - 1991),Mykytenko O. (1986-2000),"Кумар, Прадіп",India,1986-12-23T00:00:00
284,M. S. Gorbachev (1985 - 1991),Mykytenko O. (1986-2000),"Кунда, Богуслав",Poland,1987-11-10T00:00:00
285,L. I. Brezhnev (1964 - 1982),Pavlychko D. (1971-1978),"Куцка, Петер",Hungary,1973-10-15T00:00:00
286,M. S. Gorbachev (1985 - 1991),Mykytenko O. (1986-2000),Кхін Маунг Хтун(Ланмадав),Myanmar,1991-09-30T00:00:00
287,M. S. Gorbachev (1985 - 1991),Mykytenko O. (1986-2000),"Кьоніг, Інгеборг",German Democratic Republic,1991-01-30T00:00:00
288,L. I. Brezhnev (1964 - 1982),Poltoratskyy O. (1958-1971),"Ла Гума, Алекс",South Africa,1968-12-31T00:00:00
289,K. U. Chernenko (1984 - 1985),Korotych V. (1978-1986),"Ла Торре, Джоваиіпо",USA,1984-10-31T00:00:00
290,L. I. Brezhnev (1964 - 1982),Poltoratskyy O. (1958-1971),"Лазич, Жика",Yugoslavia,1969-12-31T00:00:00
291,L. I. Brezhnev (1964 - 1982),Pavlychko D. (1971-1978),"Лаїк, Сулейман",Afghanistan,1976-11-04T00:00:00
292,L. I. Brezhnev (1964 - 1982),Korotych V. (1978-1986),"Лайвсей, Дороті",Canada,1981-05-11T00:00:00
293,L. I. Brezhnev (1964 - 1982),Korotych V. (1978-1986),"Ласло, Далопі",Hungary,1982-06-18T00:00:00
294,L. I. Brezhnev (1964 - 1982),Poltoratskyy O. (1958-1971),"Ленарт, Єва",Hungary,1969-12-31T00:00:00
295,L. I. Brezhnev (1964 - 1982),Pavlychko D. (1971-1978),"Ленарт, Йозеф",Poland,1977-06-02T00:00:00
296,L. I. Brezhnev (1964 - 1982),Korotych V. (1978-1986),"Ліпецкі, Гайде",German Democratic Republic,1978-12-31T00:00:00
297,Y. V. Andropov (1982 - 1984),Korotych V. (1978-1986),"Ліпецкі, Гайде",German Democratic Republic,1983-08-30T00:00:00
298,L. I. Brezhnev (1964 - 1982),Pavlychko D. (1971-1978),"Лірулес, Енріке",Cuba,1974-03-18T00:00:00
299,L. I. Brezhnev (1964 - 1982),Poltoratskyy O. (1958-1971),"Лічкова, Марта",Czechoslovak Socialist Republic,1969-12-31T00:00:00
300,M. S. Gorbachev (1985 - 1991),Mykytenko O. (1986-2000),Лу Юнфу,China,1989-07-27T00:00:00
301,M. S. Gorbachev (1985 - 1991),Mykytenko O. (1986-2000),"Луіс, Рауль",Cuba,1988-07-13T00:00:00
302,L. I. Brezhnev (1964 - 1982),Korotych V. (1978-1986),"Лукан, Владимир",Czechoslovak Socialist Republic(Slovakia),1978-09-19T00:00:00
303,L. I. Brezhnev (1964 - 1982),Poltoratskyy O. (1958-1971),"Лукач, Ян Болеслав",Czechoslovak Socialist Republic,1969-12-31T00:00:00
304,M. S. Gorbachev (1985 - 1991),Mykytenko O. (1986-2000),Лю Нін,China,1988-10-28T00:00:00
305,M. S. Gorbachev (1985 - 1991),Mykytenko O. (1986-2000),Лю Нін з дружиною,China,1990-08-12T00:00:00
306,M. S. Gorbachev (1985 - 1991),Mykytenko O. (1986-2000),Лю Юрон,China,1991-12-31T00:00:00
307,M. S. Gorbachev (1985 - 1991),Mykytenko O. (1986-2000),Ляп Пейлан,China,1987-01-04T00:00:00
308,K. U. Chernenko (1984 - 1985),Korotych V. (1978-1986),"Мабу, Пітер",Cameroon,1984-05-31T00:00:00
309,L. I. Brezhnev (1964 - 1982),Korotych V. (1978-1986),"Мазілу, Дан",Romania,1982-11-19T00:00:00
310,L. I. Brezhnev (1964 - 1982),Korotych V. (1978-1986),"Макларі, Дьєрдь",Hungary,1981-02-28T00:00:00
311,M. S. Gorbachev (1985 - 1991),Korotych V. (1978-1986),"Макорі, Іштван",Hungary,1986-03-10T00:00:00
312,K. U. Chernenko (1984 - 1985),Korotych V. (1978-1986),"Маландріно, Джузеппе",USA,1984-10-15T00:00:00
313,L. I. Brezhnev (1964 - 1982),Poltoratskyy O. (1958-1971),"Малікяр, Туфан Амат Латіс",Afghanistan,1968-12-31T00:00:00
314,L. I. Brezhnev (1964 - 1982),Pavlychko D. (1971-1978),"Мальхарек, Мірослав",Poland,1974-03-05T00:00:00
315,L. I. Brezhnev (1964 - 1982),Poltoratskyy O. (1958-1971),"Манев, Євтим",Yugoslavia,1968-12-31T00:00:00
316,M. S. Gorbachev (1985 - 1991),Mykytenko O. (1986-2000),"Манев, Євтим",North Macedonia,1991-04-19T00:00:00
317,M. S. Gorbachev (1985 - 1991),Mykytenko O. (1986-2000),"Мантарас Лоедель, Граціела",Uruguay,1988-09-06T00:00:00
318,M. S. Gorbachev (1985 - 1991),Mykytenko O. (1986-2000),Мао Мао,China,1991-05-29T00:00:00
319,L. I. Brezhnev (1964 - 1982),Korotych V. (1978-1986),"Маринович, Ване",Yugoslavia,1978-12-31T00:00:00
320,M. S. Gorbachev (1985 - 1991),Mykytenko O. (1986-2000),"Маріо Пупсі, Орландо",Argentina,1987-07-20T00:00:00
321,L. I. Brezhnev (1964 - 1982),Pavlychko D. (1971-1978),"Марков, Георгій",Bulgaria,1976-11-15T00:00:00
322,L. I. Brezhnev (1964 - 1982),Poltoratskyy O. (1958-1971),"Марре, Луїс",Cuba,1968-12-31T00:00:00
323,L. I. Brezhnev (1964 - 1982),Pavlychko D. (1971-1978),"Марре, Луїс",Cuba,1974-09-26T00:00:00
324,K. U. Chernenko (1984 - 1985),Korotych V. (1978-1986),"Марті Фуентес, Адольфо",Cuba,1984-12-05T00:00:00
325,L. I. Brezhnev (1964 - 1982),Poltoratskyy O. (1958-1971),"Мартін, Девід",Australia,1968-12-31T00:00:00
326,K. U. Chernenko (1984 - 1985),Korotych V. (1978-1986),"Мартінес Пуїг, Сесіль",Cuba,1984-06-29T00:00:00
327,L. I. Brezhnev (1964 - 1982),Pavlychko D. (1971-1978),"Мартінес, Хосе",Cuba,1975-06-11T00:00:00
328,L. I. Brezhnev (1964 - 1982),Poltoratskyy O. (1958-1971),"Марушяк, Йозеф",Czechoslovak Socialist Republic(Slovakia),1969-12-31T00:00:00
329,L. I. Brezhnev (1964 - 1982),Pavlychko D. (1971-1978),"Матос, Хосе",Cuba,1975-06-11T00:00:00
330,L. I. Brezhnev (1964 - 1982),Poltoratskyy O. (1958-1971),"Мацинський, Іван",Czechoslovak Socialist Republic(Slovakia),1969-12-31T00:00:00
331,K. U. Chernenko (1984 - 1985),Korotych V. (1978-1986),"Медвед, Ян",Czechoslovak Socialist Republic(Slovakia),1984-11-21T00:00:00
332,M. S. Gorbachev (1985 - 1991),Mykytenko O. (1986-2000),"Мейєр, Ненсі Дж.",Chile,1991-03-29T00:00:00
333,M. S. Gorbachev (1985 - 1991),Korotych V. (1978-1986),Менон М. Ш. Н.,India,1985-07-02T00:00:00
334,M. S. Gorbachev (1985 - 1991),Mykytenko O. (1986-2000),"Мерк, Кріста",Federal Republic of Germany,1990-04-04T00:00:00
335,L. I. Brezhnev (1964 - 1982),Korotych V. (1978-1986),"Минков, Недялко Христов",Bulgaria,1981-01-30T00:00:00
336,L. I. Brezhnev (1964 - 1982),Poltoratskyy O. (1958-1971),"Минковський, Олександр",Poland,1969-12-31T00:00:00
337,M. S. Gorbachev (1985 - 1991),Mykytenko O. (1986-2000),"Мігайлюк, Мігай",Romania,1990-02-22T00:00:00
338,L. I. Brezhnev (1964 - 1982),Pavlychko D. (1971-1978),"Мілев, Йордан",Bulgaria,1974-03-21T00:00:00
339,L. I. Brezhnev (1964 - 1982),Poltoratskyy O. (1958-1971),"Мілошевич, Велімір",Yugoslavia,1969-12-31T00:00:00
340,M. S. Gorbachev (1985 - 1991),Mykytenko O. (1986-2000),"Міро, Антоні",Spain,1991-10-21T00:00:00
341,L. I. Brezhnev (1964 - 1982),Pavlychko D. (1971-1978),"Мірулес, Енріке",Cuba,1974-12-31T00:00:00
342,M. S. Gorbachev (1985 - 1991),Mykytenko O. (1986-2000),"Міхаеліс, Рольф",Federal Republic of Germany,1991-10-22T00:00:00
343,L. I. Brezhnev (1964 - 1982),Pavlychko D. (1971-1978),"Мішлеї, Пал",Hungary,1977-03-28T00:00:00
344,L. I. Brezhnev (1964 - 1982),Korotych V. (1978-1986),"Мішлеї, Пал",Hungary,1981-02-27T00:00:00
345,L. I. Brezhnev (1964 - 1982),Korotych V. (1978-1986),"Мішлеї, Пал",Hungary,1981-06-09T00:00:00
346,K. U. Chernenko (1984 - 1985),Korotych V. (1978-1986),"Мішлеї, Пал",Hungary,1984-05-16T00:00:00
347,L. I. Brezhnev (1964 - 1982),Korotych V. (1978-1986),"Могельський, Олдржих",Poland,1981-01-30T00:00:00
348,L. I. Brezhnev (1964 - 1982),Pavlychko D. (1971-1978),"Молонціою, Ілеана",Romania,1974-10-28T00:00:00
349,L. I. Brezhnev (1964 - 1982),Poltoratskyy O. (1958-1971),"Молнар, Золтан",Hungary,1969-12-31T00:00:00
350,L. I. Brezhnev (1964 - 1982),Poltoratskyy O. (1958-1971),"Мольнар, Михайло",Czechoslovak Socialist Republic(Slovakia),1969-12-31T00:00:00
351,L. I. Brezhnev (1964 - 1982),Korotych V. (1978-1986),"Мольнар, Михайло",Czechoslovak Socialist Republic(Slovakia),1978-08-16T00:00:00
352,K. U. Chernenko (1984 - 1985),Korotych V. (1978-1986),"Мольнар, Михайло",Czechoslovak Socialist Republic(Slovakia),1984-11-21T00:00:00
353,M. S. Gorbachev (1985 - 1991),Mykytenko O. (1986-2000),"Монік, Едуард",Mauritius,1986-09-16T00:00:00
354,M. S. Gorbachev (1985 - 1991),Mykytenko O. (1986-2000),Моортхі А. С.,India,1986-12-23T00:00:00
355,M. S. Gorbachev (1985 - 1991),Mykytenko O. (1986-2000),"Моравкова, Олена",Czechia,1991-05-20T00:00:00
356,M. S. Gorbachev (1985 - 1991),Mykytenko O. (1986-2000),"Моралес Савіньйон, Ектор",Mexico,1990-04-23T00:00:00
357,L. I. Brezhnev (1964 - 1982),Poltoratskyy O. (1958-1971),"Мора, Імре",Hungary,1968-12-31T00:00:00
358,M. S. Gorbachev (1985 - 1991),Mykytenko O. (1986-2000),"Морган, Гері",USA,1991-12-31T00:00:00
359,L. I. Brezhnev (1964 - 1982),Korotych V. (1978-1986),"Музафар, Арабула",Turkey,1979-11-22T00:00:00
360,K. U. Chernenko (1984 - 1985),Korotych V. (1978-1986),"Муньйос, Луке",Colombia,1984-09-24T00:00:00
361,M. S. Gorbachev (1985 - 1991),Mykytenko O. (1986-2000),"Мурті, Самбанд А.",India,1986-12-23T00:00:00
362,L. I. Brezhnev (1964 - 1982),Poltoratskyy O. (1958-1971),"Наварро, Ноель",Cuba,1968-12-31T00:00:00
363,L. I. Brezhnev (1964 - 1982),Poltoratskyy O. (1958-1971),"Найдер, Здіслав",Poland,1969-12-31T00:00:00
364,L. I. Brezhnev (1964 - 1982),Pavlychko D. (1971-1978),"Накамура, Йоко",Japan,1973-02-05T00:00:00
365,L. I. Brezhnev (1964 - 1982),Korotych V. (1978-1986),"Насрулла Хафез, Вахід",Afghanistan,1981-11-02T00:00:00
366,L. I. Brezhnev (1964 - 1982),Pavlychko D. (1971-1978),"Неуважний, Флоріан",Poland,1977-06-02T00:00:00
367,L. I. Brezhnev (1964 - 1982),Pavlychko D. (1971-1978),Нгуен Тхі Нгок Ту,Vietnam,1977-10-11T00:00:00
368,L. I. Brezhnev (1964 - 1982),Pavlychko D. (1971-1978),"Неделчева, Маріана",Bulgaria,1977-11-17T00:00:00
369,Y. V. Andropov (1982 - 1984),Korotych V. (1978-1986),"Неделчу, Мірча",Romania,1983-11-18T00:00:00
370,L. I. Brezhnev (1964 - 1982),Pavlychko D. (1971-1978),"Нібе, Фумігіко",Japan,1978-06-16T00:00:00
371,L. I. Brezhnev (1964 - 1982),Poltoratskyy O. (1958-1971),"Ніколеску, Тетяна",Romania,1968-12-31T00:00:00
372,L. I. Brezhnev (1964 - 1982),Pavlychko D. (1971-1978),"Ніколеску, Тетяна",Romania,1971-12-31T00:00:00
373,L. I. Brezhnev (1964 - 1982),Pavlychko D. (1971-1978),"Ніколеску, Тетяна",Romania,1976-06-09T00:00:00
374,L. I. Brezhnev (1964 - 1982),Poltoratskyy O. (1958-1971),"Ніколіч, Мілан",Yugoslavia,1968-12-31T00:00:00
375,L. I. Brezhnev (1964 - 1982),Poltoratskyy O. (1958-1971),"Ніколіч, Мілан",Yugoslavia,1969-12-31T00:00:00
376,L. I. Brezhnev (1964 - 1982),Pavlychko D. (1971-1978),"Ніколіч, Мілан",Yugoslavia,1971-08-23T00:00:00
377,L. I. Brezhnev (1964 - 1982),Pavlychko D. (1971-1978),"Ніколіч, Мілан",Yugoslavia,1974-02-28T00:00:00
378,L. I. Brezhnev (1964 - 1982),Pavlychko D. (1971-1978),"Нісіо, Кандзі",Japan,1977-09-30T00:00:00
379,K. U. Chernenko (1984 - 1985),Korotych V. (1978-1986),"Ніцу, Ніколае",Romania,1984-10-26T00:00:00
380,L. I. Brezhnev (1964 - 1982),Poltoratskyy O. (1958-1971),"Нойман, Роланд",German Democratic Republic,1969-12-31T00:00:00
381,L. I. Brezhnev (1964 - 1982),Pavlychko D. (1971-1978),"Нуквар, Уттам",Nepal,1975-12-19T00:00:00
382,M. S. Gorbachev (1985 - 1991),Mykytenko O. (1986-2000),"Овчарек, Богдан",Poland,1987-11-10T00:00:00
383,L. I. Brezhnev (1964 - 1982),Pavlychko D. (1971-1978),"Огава, Куніо",Japan,1973-10-30T00:00:00
384,L. I. Brezhnev (1964 - 1982),Pavlychko D. (1971-1978),"Олендська-Фрибесова, Олександра",Poland,1974-05-31T00:00:00
385,L. I. Brezhnev (1964 - 1982),Poltoratskyy O. (1958-1971),"Оляча, Младен",Yugoslavia,1968-12-31T00:00:00
386,L. I. Brezhnev (1964 - 1982),Korotych V. (1978-1986),"Орільйо, Уінстон",Peru,1982-10-22T00:00:00
387,M. S. Gorbachev (1985 - 1991),Mykytenko O. (1986-2000),Отон,Laos,1989-08-16T00:00:00
388,Y. V. Andropov (1982 - 1984),Korotych V. (1978-1986),"Падгаонкар, Деліп",India,1983-05-12T00:00:00
389,Y. V. Andropov (1982 - 1984),Korotych V. (1978-1986),"Пайков, Сергей",Bulgaria,1983-04-25T00:00:00
390,L. I. Brezhnev (1964 - 1982),Pavlychko D. (1971-1978),"Пайкович, Радослав",Yugoslavia,1975-04-25T00:00:00
391,N. S. Khrushchev (1953 - 1964),Poltoratskyy O. (1958-1971),"Палетак, Лука",Yugoslavia,1960-12-31T00:00:00
392,M. S. Gorbachev (1985 - 1991),Mykytenko O. (1986-2000),"Палій, Ліда",Canada,1990-09-12T00:00:00
393,L. I. Brezhnev (1964 - 1982),Pavlychko D. (1971-1978),"Парді, Ал.",Canada,1976-09-22T00:00:00
394,L. I. Brezhnev (1964 - 1982),Poltoratskyy O. (1958-1971),"Парізе, Гоффредо",Italy,1968-12-31T00:00:00
395,L. I. Brezhnev (1964 - 1982),Pavlychko D. (1971-1978),"Партанен, Матті",Finland,1975-03-18T00:00:00
396,L. I. Brezhnev (1964 - 1982),Pavlychko D. (1971-1978),"Петкова, Марія",Bulgaria,1977-11-17T00:00:00
397,M. S. Gorbachev (1985 - 1991),Mykytenko O. (1986-2000),"Петровац, Іштван",Hungary,1986-11-06T00:00:00
398,L. I. Brezhnev (1964 - 1982),Poltoratskyy O. (1958-1971),"Пікерт, Хорст",German Democratic Republic,1969-12-31T00:00:00
399,L. I. Brezhnev (1964 - 1982),Pavlychko D. (1971-1978),"Пілаї, Такажі",India,1974-05-31T00:00:00
400,L. I. Brezhnev (1964 - 1982),Korotych V. (1978-1986),"Піліоті, Марія",Greece,1978-09-05T00:00:00
401,L. I. Brezhnev (1964 - 1982),Korotych V. (1978-1986),"Піліотіс, Ахіллеас",Greece,1978-09-05T00:00:00
402,L. I. Brezhnev (1964 - 1982),Poltoratskyy O. (1958-1971),"Піньотті, Ламберто",Italy,1969-12-31T00:00:00
403,K. U. Chernenko (1984 - 1985),Korotych V. (1978-1986),"Піперков, Іван Тотев",Bulgaria,1984-09-28T00:00:00
404,K. U. Chernenko (1984 - 1985),Korotych V. (1978-1986),"Піперков, Іван Тотев",Bulgaria,1984-10-26T00:00:00
405,L. I. Brezhnev (1964 - 1982),Poltoratskyy O. (1958-1971),"Плавіус, Гейнц",German Democratic Republic,1969-12-31T00:00:00
406,L. I. Brezhnev (1964 - 1982),Pavlychko D. (1971-1978),"Плавка, Андрей",Czechoslovak Socialist Republic(Slovakia),1973-12-31T00:00:00
407,Y. V. Andropov (1982 - 1984),Korotych V. (1978-1986),"Пласковітіс, Спірос з дружиною",Greece,1983-10-11T00:00:00
408,Y. V. Andropov (1982 - 1984),Korotych V. (1978-1986),"Полат, Омер",Turkey,1983-03-23T00:00:00
409,L. I. Brezhnev (1964 - 1982),Pavlychko D. (1971-1978),"Подгорец, Відое",Yugoslavia,1973-03-26T00:00:00
410,L. I. Brezhnev (1964 - 1982),Poltoratskyy O. (1958-1971),"Понічан, Ян",Czechoslovak Socialist Republic,1969-12-31T00:00:00
411,L. I. Brezhnev (1964 - 1982),Poltoratskyy O. (1958-1971),"Поеми ш, Зоф’я",Poland,1969-12-31T00:00:00
412,M. S. Gorbachev (1985 - 1991),Korotych V. (1978-1986),"Прітам, Сараджіні",India,1985-10-04T00:00:00
413,Y. V. Andropov (1982 - 1984),Korotych V. (1978-1986),"Проенса Альмагера, Косме",Cuba,1984-02-28T00:00:00
414,L. I. Brezhnev (1964 - 1982),Pavlychko D. (1971-1978),"Прохаскова, Емілія",Bulgaria,1973-03-19T00:00:00
415,M. S. Gorbachev (1985 - 1991),Mykytenko O. (1986-2000),Пхань Тхонасон(Пхантхана),Laos,1989-08-16T00:00:00
416,M. S. Gorbachev (1985 - 1991),Mykytenko O. (1986-2000),Пхілавань,Laos,1989-08-16T00:00:00
417,M. S. Gorbachev (1985 - 1991),Mykytenko O. (1986-2000),"Пшимановський, Януш",Poland,1989-05-17T00:00:00
418,L. I. Brezhnev (1964 - 1982),Poltoratskyy O. (1958-1971),"Пясецький, Ян",Poland,1969-12-31T00:00:00
419,L. I. Brezhnev (1964 - 1982),Poltoratskyy O. (1958-1971),"Радо, Дьєрдь",Hungary,1969-12-31T00:00:00
420,L. I. Brezhnev (1964 - 1982),Poltoratskyy O. (1958-1971),"Радо, Дьєрдь",Hungary,1971-05-24T00:00:00
421,M. S. Gorbachev (1985 - 1991),Mykytenko O. (1986-2000),"Радуцький, Віктор",Israel,1990-08-10T00:00:00
422,M. S. Gorbachev (1985 - 1991),Mykytenko O. (1986-2000),"Рай, Ладжпат",India,1986-12-23T00:00:00
423,M. S. Gorbachev (1985 - 1991),Mykytenko O. (1986-2000),"Райдер, Джон Р.",USA,1991-03-29T00:00:00
424,K. U. Chernenko (1984 - 1985),Korotych V. (1978-1986),"Раймундо Респаль, Фіва",Cuba,1984-06-29T00:00:00
425,Y. V. Andropov (1982 - 1984),Korotych V. (1978-1986),"Расмусен, Оле",Denmark,1983-06-01T00:00:00
426,M. S. Gorbachev (1985 - 1991),Mykytenko O. (1986-2000),"Рейффель, Лен(Леонард)",USA,1990-11-13T00:00:00
427,M. S. Gorbachev (1985 - 1991),Mykytenko O. (1986-2000),"Рейффель, Ненсі",USA,1990-11-13T00:00:00
428,L. I. Brezhnev (1964 - 1982),Poltoratskyy O. (1958-1971),"Ремус, Лука",Romania,1968-12-31T00:00:00
429,K. U. Chernenko (1984 - 1985),Korotych V. (1978-1986),"Репіладо, Рікардо",Cuba,1984-06-29T00:00:00
430,L. I. Brezhnev (1964 - 1982),Pavlychko D. (1971-1978),"Реті, Еріка",Hungary,1978-05-30T00:00:00
431,L. I. Brezhnev (1964 - 1982),Pavlychko D. (1971-1978),"Рибак, Йозеф",Czechoslovak Socialist Republic(Czechia),1975-06-12T00:00:00
432,Y. V. Andropov (1982 - 1984),Korotych V. (1978-1986),"Рига, Джордж з дружиною",Canada,1983-05-17T00:00:00
433,L. I. Brezhnev (1964 - 1982),Pavlychko D. (1971-1978),"Рід, Поль П.",England,1974-05-31T00:00:00
434,M. S. Gorbachev (1985 - 1991),Mykytenko O. (1986-2000),"Рідер, Джон Р.",USA,1991-12-31T00:00:00
435,M. S. Gorbachev (1985 - 1991),Mykytenko O. (1986-2000),"Різк, Різк",Lebanon,1986-12-12T00:00:00
436,L. I. Brezhnev (1964 - 1982),Pavlychko D. (1971-1978),"Ріхтер, Манфред",German Democratic Republic,1974-08-30T00:00:00
437,L. I. Brezhnev (1964 - 1982),Pavlychko D. (1971-1978),"Ріхтер, Інгрід",German Democratic Republic,1974-08-30T00:00:00
438,L. I. Brezhnev (1964 - 1982),Korotych V. (1978-1986),"Роті, М.Сіддіг",Afghanistan,1978-10-19T00:00:00
439,L. I. Brezhnev (1964 - 1982),Korotych V. (1978-1986),"Родель, Ольга",France,1982-01-27T00:00:00
440,K. U. Chernenko (1984 - 1985),Korotych V. (1978-1986),"Родрігес Коронель, Рохеліо",Cuba,1984-06-29T00:00:00
441,Y. V. Andropov (1982 - 1984),Korotych V. (1978-1986),"Родрігес Рівера, Гільєрмо",Cuba,1983-06-16T00:00:00
442,K. U. Chernenko (1984 - 1985),Korotych V. (1978-1986),"Роман, Міхал",Czechoslovak Socialist Republic(Slovakia),1984-03-15T00:00:00
443,L. I. Brezhnev (1964 - 1982),Pavlychko D. (1971-1978),"Ромеро, Еліо",Paraguay,1973-11-05T00:00:00
444,M. S. Gorbachev (1985 - 1991),Mykytenko O. (1986-2000),"Рошвалб, Сьюзанне",USA,1991-03-29T00:00:00
445,M. S. Gorbachev (1985 - 1991),Mykytenko O. (1986-2000),"Рук, Катарина Ангелайті",Greece,1989-05-15T00:00:00
446,L. I. Brezhnev (1964 - 1982),Korotych V. (1978-1986),"Рухі, Мухаммед Садик",Afghanistan,1982-11-02T00:00:00
447,L. I. Brezhnev (1964 - 1982),Pavlychko D. (1971-1978),"Сааріца, Пентті",Finland,1976-04-27T00:00:00
448,L. I. Brezhnev (1964 - 1982),Poltoratskyy O. (1958-1971),"Савой, Леоне Пачіні",Italy,1968-12-31T00:00:00
449,L. I. Brezhnev (1964 - 1982),Poltoratskyy O. (1958-1971),"Сагай, Раггувір",India,1971-05-27T00:00:00
450,L. I. Brezhnev (1964 - 1982),Pavlychko D. (1971-1978),"Садковський, Вацлав",Poland,1973-12-31T00:00:00
451,Y. V. Andropov (1982 - 1984),Korotych V. (1978-1986),"Сато, Кайто",Japan,1983-04-27T00:00:00
452,L. I. Brezhnev (1964 - 1982),Poltoratskyy O. (1958-1971),"Саф’як, Збігнєв",Poland,1969-12-31T00:00:00
453,L. I. Brezhnev (1964 - 1982),Pavlychko D. (1971-1978),"Сахаі, Раджувір",India,1976-05-27T00:00:00
454,L. I. Brezhnev (1964 - 1982),Pavlychko D. (1971-1978),Сехановіс,India,1974-05-31T00:00:00
455,M. S. Gorbachev (1985 - 1991),Mykytenko O. (1986-2000),"Сивіцький, Микола",Poland,1989-10-24T00:00:00
456,L. I. Brezhnev (1964 - 1982),Poltoratskyy O. (1958-1971),"Синтимбряну, Мірче",Romania,1968-12-31T00:00:00
457,L. I. Brezhnev (1964 - 1982),Poltoratskyy O. (1958-1971),"Сиркар, Бадал",India,1969-12-31T00:00:00
458,L. I. Brezhnev (1964 - 1982),Pavlychko D. (1971-1978),"Сіккінен, Кейо",Finland,1975-03-18T00:00:00
459,Y. V. Andropov (1982 - 1984),Korotych V. (1978-1986),"Сімов, Пенчо",Bulgaria,1983-03-21T00:00:00
460,L. I. Brezhnev (1964 - 1982),Pavlychko D. (1971-1978),"Сінг, Навтедж",India,1974-09-25T00:00:00
461,L. I. Brezhnev (1964 - 1982),Pavlychko D. (1971-1978),"Сінгх, Аттар",India,1974-05-31T00:00:00
462,Y. V. Andropov (1982 - 1984),Korotych V. (1978-1986),"Сінгх, Прітам",India,1983-07-01T00:00:00
463,L. I. Brezhnev (1964 - 1982),Poltoratskyy O. (1958-1971),"Сінгх, Сардар Мохан",India,1969-12-31T00:00:00
464,L. I. Brezhnev (1964 - 1982),Pavlychko D. (1971-1978),"Сірулес, Енріке",Cuba,1974-03-18T00:00:00
465,M. S. Gorbachev (1985 - 1991),Mykytenko O. (1986-2000),"Скочек, Тадеуш",Poland,1989-06-26T00:00:00
466,L. I. Brezhnev (1964 - 1982),Pavlychko D. (1971-1978),"Скрипник, Марія",Canada,1976-08-06T00:00:00
467,M. S. Gorbachev (1985 - 1991),Korotych V. (1978-1986),"Слітнер, Карл",Federal Republic of Germany,1986-04-23T00:00:00
468,M. S. Gorbachev (1985 - 1991),Mykytenko O. (1986-2000),"Смащ, Вольдемар з дружиною",Poland,1991-08-06T00:00:00
469,M. S. Gorbachev (1985 - 1991),Mykytenko O. (1986-2000),"Смете, Йос",Belgium,1988-06-27T00:00:00
470,L. I. Brezhnev (1964 - 1982),Korotych V. (1978-1986),"Сміт, Вільям Джей",USA,1981-04-10T00:00:00
471,L. I. Brezhnev (1964 - 1982),Poltoratskyy O. (1958-1971),"Смолярек, Вітольд",Poland,1968-12-31T00:00:00
472,L. I. Brezhnev (1964 - 1982),Poltoratskyy O. (1958-1971),"Солер, Кармен",Paraguay,1968-12-31T00:00:00
473,K. U. Chernenko (1984 - 1985),Korotych V. (1978-1986),"Солер Пуїг, Хосе з дружиною",Cuba,1984-06-29T00:00:00
474,L. I. Brezhnev (1964 - 1982),Pavlychko D. (1971-1978),"Соммер, Пьотр",Poland,1976-04-20T00:00:00
475,L. I. Brezhnev (1964 - 1982),Pavlychko D. (1971-1978),"Сореску, Марин",Romania,1976-12-17T00:00:00
476,K. U. Chernenko (1984 - 1985),Korotych V. (1978-1986),"Соукупова, Зузана",Czechoslovak Socialist Republic(Czechia),1984-04-05T00:00:00
477,Y. V. Andropov (1982 - 1984),Korotych V. (1978-1986),"Соя, Кійосі",Japan,1983-04-27T00:00:00
478,L. I. Brezhnev (1964 - 1982),Pavlychko D. (1971-1978),"Спасов, Іван",Bulgaria,1975-06-02T00:00:00
479,L. I. Brezhnev (1964 - 1982),Poltoratskyy O. (1958-1971),"Сталєв, Георгі",Yugoslavia,1968-12-31T00:00:00
480,L. I. Brezhnev (1964 - 1982),Poltoratskyy O. (1958-1971),"Стефанович, Міленко",Yugoslavia,1971-01-27T00:00:00
481,Y. V. Andropov (1982 - 1984),Korotych V. (1978-1986),"Стінус, Ерік",Denmark,1983-06-01T00:00:00
482,L. I. Brezhnev (1964 - 1982),Pavlychko D. (1971-1978),"Стоберський, Зигмунт",Poland,1973-12-31T00:00:00
483,L. I. Brezhnev (1964 - 1982),Korotych V. (1978-1986),"Стоун, Ірвін з дружиною",USA,1982-07-29T00:00:00
484,M. S. Gorbachev (1985 - 1991),Korotych V. (1978-1986),Су Хан,China,1986-01-25T00:00:00
485,M. S. Gorbachev (1985 - 1991),Korotych V. (1978-1986),Су Хан,China,1986-02-17T00:00:00
486,M. S. Gorbachev (1985 - 1991),Korotych V. (1978-1986),Суан Зієу,Vietnam,1985-05-24T00:00:00
487,L. I. Brezhnev (1964 - 1982),Poltoratskyy O. (1958-1971),"Суардіас, Лука",Cuba,1969-12-31T00:00:00
488,M. S. Gorbachev (1985 - 1991),Mykytenko O. (1986-2000),"Суботіна, Лідія",Yugoslavia,1990-08-16T00:00:00
489,L. I. Brezhnev (1964 - 1982),Poltoratskyy O. (1958-1971),"Суліма, Pox",Poland,1969-12-31T00:00:00
490,M. S. Gorbachev (1985 - 1991),Mykytenko O. (1986-2000),Сунь Шен-у,China,1989-07-27T00:00:00
491,L. I. Brezhnev (1964 - 1982),Pavlychko D. (1971-1978),"Суровська, Барбара",Poland,1976-04-20T00:00:00
492,M. S. Gorbachev (1985 - 1991),Mykytenko O. (1986-2000),Сюй Лейжань,China,1989-07-27T00:00:00
493,L. I. Brezhnev (1964 - 1982),Pavlychko D. (1971-1978),"Таберман, Томмю",Finland,1976-04-28T00:00:00
494,L. I. Brezhnev (1964 - 1982),Poltoratskyy O. (1958-1971),"Тавіль, Нікола",Lebanon,1969-12-31T00:00:00
495,Y. V. Andropov (1982 - 1984),Korotych V. (1978-1986),"Тавіль, Нікола",Palestine,1983-08-12T00:00:00
496,L. I. Brezhnev (1964 - 1982),Pavlychko D. (1971-1978),"Такаі, Юіті",Japan,1977-09-30T00:00:00
497,L. I. Brezhnev (1964 - 1982),Pavlychko D. (1971-1978),"Такубо, Хідео",Japan,1973-10-30T00:00:00
498,M. S. Gorbachev (1985 - 1991),Korotych V. (1978-1986),Тань Делін,China,1986-01-25T00:00:00
499,M. S. Gorbachev (1985 - 1991),Mykytenko O. (1986-2000),"Тарнавська, Марта",USA,1990-08-20T00:00:00
500,M. S. Gorbachev (1985 - 1991),Mykytenko O. (1986-2000),"Тарнавський, Остап",USA,1989-10-02T00:00:00
501,M. S. Gorbachev (1985 - 1991),Mykytenko O. (1986-2000),"Тауро дель Піно, Альберто",Peru,1989-08-21T00:00:00
502,M. S. Gorbachev (1985 - 1991),Mykytenko O. (1986-2000),"Тгампі, Падманавган Васудеван",India,1989-10-16T00:00:00
503,L. I. Brezhnev (1964 - 1982),Pavlychko D. (1971-1978),"Тендулькар, Віджей",India,1974-05-31T00:00:00
504,L. I. Brezhnev (1964 - 1982),Korotych V. (1978-1986),"Теркел, Стадс",USA,1982-07-29T00:00:00
505,L. I. Brezhnev (1964 - 1982),Korotych V. (1978-1986),"Теркел, їда",USA,1982-07-29T00:00:00
506,M. S. Gorbachev (1985 - 1991),Mykytenko O. (1986-2000),"Ткач, Юрій",Australia,1988-03-22T00:00:00
507,L. I. Brezhnev (1964 - 1982),Pavlychko D. (1971-1978),"Томанова, Мирослава",Czechoslovak Socialist Republic(Czechia),1974-11-14T00:00:00
508,K. U. Chernenko (1984 - 1985),Korotych V. (1978-1986),"Траянов, Христо",Bulgaria,1984-09-28T00:00:00
509,L. I. Brezhnev (1964 - 1982),Poltoratskyy O. (1958-1971),"Трухановський, Казимір",Poland,1969-12-31T00:00:00
510,K. U. Chernenko (1984 - 1985),Korotych V. (1978-1986),"Тулгатогоо, Борин",Mongolia,1984-10-26T00:00:00
511,L. I. Brezhnev (1964 - 1982),Poltoratskyy O. (1958-1971),"Тунджер, Дженгіз",Turkey,1968-12-31T00:00:00
512,M. S. Gorbachev (1985 - 1991),Korotych V. (1978-1986),Тхань Тхао,Vietnam,1985-05-24T00:00:00
513,L. I. Brezhnev (1964 - 1982),Pavlychko D. (1971-1978),У Е Мьїн,Myanmar,1974-10-23T00:00:00
514,L. I. Brezhnev (1964 - 1982),Poltoratskyy O. (1958-1971),"Угаров, Григор",Bulgaria,1968-12-31T00:00:00
515,K. U. Chernenko (1984 - 1985),Korotych V. (1978-1986),"Уерту, Давід",Mexico,1984-11-20T00:00:00
516,L. I. Brezhnev (1964 - 1982),Pavlychko D. (1971-1978),"Унгур, Александру",Romania,1971-10-21T00:00:00
517,M. S. Gorbachev (1985 - 1991),Mykytenko O. (1986-2000),"Урбан, Давид",Hungary,1987-09-02T00:00:00
518,Y. V. Andropov (1982 - 1984),Korotych V. (1978-1986),"Урікару, Еуген",Romania,1983-10-26T00:00:00
519,M. S. Gorbachev (1985 - 1991),Mykytenko O. (1986-2000),"Фабр, Мішель",France,1989-07-11T00:00:00
520,M. S. Gorbachev (1985 - 1991),Mykytenko O. (1986-2000),"Фажі, Аніко",Hungary,1988-07-01T00:00:00
521,M. S. Gorbachev (1985 - 1991),Mykytenko O. (1986-2000),"Файнберг, Беррі М.",USA,1991-03-29T00:00:00
522,Y. V. Andropov (1982 - 1984),Korotych V. (1978-1986),"Фалада, Вацлав",Czechoslovak Socialist Republic(Czechia),1983-06-08T00:00:00
523,M. S. Gorbachev (1985 - 1991),Mykytenko O. (1986-2000),"Фалада, Вацлав",Czechoslovak Socialist Republic(Czechia),1988-06-29T00:00:00
524,L. I. Brezhnev (1964 - 1982),Pavlychko D. (1971-1978),"Фалла, Хуліа",Peru,1977-05-20T00:00:00
525,M. S. Gorbachev (1985 - 1991),Korotych V. (1978-1986),Фан Нгок Канв,Vietnam,1985-05-24T00:00:00
526,L. I. Brezhnev (1964 - 1982),Pavlychko D. (1971-1978),Фан Тхі Тхань Нян,Vietnam,1977-10-11T00:00:00
527,M. S. Gorbachev (1985 - 1991),Mykytenko O. (1986-2000),"Федлер, Фред",USA,1991-03-29T00:00:00
528,L. I. Brezhnev (1964 - 1982),Pavlychko D. (1971-1978),"Фелдек, Любомир",Czechoslovak Socialist Republic(Slovakia),1978-06-16T00:00:00
529,L. I. Brezhnev (1964 - 1982),Korotych V. (1978-1986),"Феррер, Рауль",Cuba,1982-04-16T00:00:00
530,M. S. Gorbachev (1985 - 1991),Mykytenko O. (1986-2000),"Ферріс, Р. Вільям",USA,1989-07-11T00:00:00
531,L. I. Brezhnev (1964 - 1982),Poltoratskyy O. (1958-1971),"Фінкельстайн, Сідні",USA,1968-12-31T00:00:00
532,M. S. Gorbachev (1985 - 1991),Korotych V. (1978-1986),"Фістер, Карл",Federal Republic of Germany,1986-04-23T00:00:00
533,M. S. Gorbachev (1985 - 1991),Mykytenko O. (1986-2000),"Фішбейн, Мойсей",Federal Republic of Germany,1989-10-17T00:00:00
534,L. I. Brezhnev (1964 - 1982),Poltoratskyy O. (1958-1971),"Фортунеску, Мадлен",Romania,1968-12-31T00:00:00
535,M. S. Gorbachev (1985 - 1991),Mykytenko O. (1986-2000),"Фрай, Нортроп",Canada,1988-10-12T00:00:00
536,M. S. Gorbachev (1985 - 1991),Mykytenko O. (1986-2000),"Фрай, Елізабет",Canada,1988-10-12T00:00:00
537,M. S. Gorbachev (1985 - 1991),Mykytenko O. (1986-2000),"Фрезер, Стьюарт",Australia,1989-02-14T00:00:00
538,L. I. Brezhnev (1964 - 1982),Pavlychko D. (1971-1978),"Фумігіко, Нібе",Japan,1978-06-16T00:00:00
539,Y. V. Andropov (1982 - 1984),Korotych V. (1978-1986),"Футамі, Ясує",Japan,1983-04-27T00:00:00
540,L. I. Brezhnev (1964 - 1982),Pavlychko D. (1971-1978),"Хайдар, Куратулійн",India,1974-05-31T00:00:00
541,L. I. Brezhnev (1964 - 1982),Pavlychko D. (1971-1978),"Харра, Тайсто",Finland,1976-11-30T00:00:00
542,L. I. Brezhnev (1964 - 1982),Pavlychko D. (1971-1978),"Хейлі, Артур",USA,1977-07-08T00:00:00
543,M. S. Gorbachev (1985 - 1991),Mykytenko O. (1986-2000),"Хінгаміре, Будданна",India,1989-12-15T00:00:00
544,Y. V. Andropov (1982 - 1984),Korotych V. (1978-1986),"Хікіта, Норіко",Japan,1983-04-27T00:00:00
545,L. I. Brezhnev (1964 - 1982),Pavlychko D. (1971-1978),"Хлєбовський, Цезар",Poland,1971-09-18T00:00:00
546,K. U. Chernenko (1984 - 1985),Korotych V. (1978-1986),"Хорват, Міклош",Hungary,1984-10-26T00:00:00
547,M. S. Gorbachev (1985 - 1991),Mykytenko O. (1986-2000),"Хоцопан, Шандор",Hungary,1988-11-02T00:00:00
548,M. S. Gorbachev (1985 - 1991),Korotych V. (1978-1986),"Христов, Венко",Bulgaria,1985-07-14T00:00:00
549,M. S. Gorbachev (1985 - 1991),Mykytenko O. (1986-2000),"Хуан Качесес, В.",Peru,1990-03-02T00:00:00
550,M. S. Gorbachev (1985 - 1991),Mykytenko O. (1986-2000),"Хуан Санчес, Хосе",Costa Rica,1990-09-02T00:00:00
551,Y. V. Andropov (1982 - 1984),Korotych V. (1978-1986),"Хьольдтке, Зігфрід",German Democratic Republic,1983-08-30T00:00:00
552,K. U. Chernenko (1984 - 1985),Korotych V. (1978-1986),"Хьольдтке, Зігфрід",German Democratic Republic,1984-10-26T00:00:00
553,M. S. Gorbachev (1985 - 1991),Mykytenko O. (1986-2000),Цао Сулін,China,1988-06-29T00:00:00
554,M. S. Gorbachev (1985 - 1991),Mykytenko O. (1986-2000),"Цайглер, Лінда",USA,1991-03-29T00:00:00
555,L. I. Brezhnev (1964 - 1982),Pavlychko D. (1971-1978),"Цайслер, Армій",German Democratic Republic,1973-10-12T00:00:00
556,L. I. Brezhnev (1964 - 1982),Pavlychko D. (1971-1978),"Цайслер, Армій",German Democratic Republic,1976-04-28T00:00:00
557,L. I. Brezhnev (1964 - 1982),Pavlychko D. (1971-1978),"Цекович, Іван",Yugoslavia,1973-03-26T00:00:00
558,M. S. Gorbachev (1985 - 1991),Mykytenko O. (1986-2000),Цзян Лу,China,1989-07-27T00:00:00
559,L. I. Brezhnev (1964 - 1982),Poltoratskyy O. (1958-1971),"Ціммерінг, Макс",German Democratic Republic,1968-12-31T00:00:00
560,L. I. Brezhnev (1964 - 1982),Poltoratskyy O. (1958-1971),"Ціммерінг, Макс",German Democratic Republic,1969-12-31T00:00:00
561,L. I. Brezhnev (1964 - 1982),Poltoratskyy O. (1958-1971),"Цірке, Гайнц Юрген",German Democratic Republic,1969-12-31T00:00:00
562,M. S. Gorbachev (1985 - 1991),Mykytenko O. (1986-2000),"Цонев, Васіл",Bulgaria,1987-06-14T00:00:00
563,M. S. Gorbachev (1985 - 1991),Mykytenko O. (1986-2000),Цянь Чжунвень,China,1988-03-23T00:00:00
564,M. S. Gorbachev (1985 - 1991),Mykytenko O. (1986-2000),"Чаглар, Юксель",Turkey,1990-04-11T00:00:00
565,M. S. Gorbachev (1985 - 1991),Korotych V. (1978-1986),"Чакраборті, Джаганнатх",India,1986-01-24T00:00:00
566,M. S. Gorbachev (1985 - 1991),Mykytenko O. (1986-2000),Чень Сиюн,China,1989-07-27T00:00:00
567,M. S. Gorbachev (1985 - 1991),Mykytenko O. (1986-2000),"Черненко-Рудницька, Олександра",Canada,1990-08-07T00:00:00
568,L. I. Brezhnev (1964 - 1982),Poltoratskyy O. (1958-1971),"Чиж, Маріо",Uruguay,1968-12-31T00:00:00
569,L. I. Brezhnev (1964 - 1982),Pavlychko D. (1971-1978),Чоккалінгам,India,1974-05-31T00:00:00
570,L. I. Brezhnev (1964 - 1982),Poltoratskyy O. (1958-1971),"Чоллек, Вальтер",German Democratic Republic,1968-12-31T00:00:00
571,L. I. Brezhnev (1964 - 1982),Korotych V. (1978-1986),Чопра Д. В.,India,1981-05-23T00:00:00
572,L. I. Brezhnev (1964 - 1982),Korotych V. (1978-1986),"Чудаї, Чаба",Hungary,1982-10-22T00:00:00
573,L. I. Brezhnev (1964 - 1982),Pavlychko D. (1971-1978),"Шандор, Ласло",Hungary,1973-10-19T00:00:00
574,L. I. Brezhnev (1964 - 1982),Poltoratskyy O. (1958-1971),Шанму гавел М.,India,1971-05-27T00:00:00
575,L. I. Brezhnev (1964 - 1982),Pavlychko D. (1971-1978),"Швенкова, Вієра",Czechoslovak Socialist Republic(Slovakia),1977-12-16T00:00:00
576,L. I. Brezhnev (1964 - 1982),Korotych V. (1978-1986),"Шевальє, Ані",France,1981-09-11T00:00:00
577,M. S. Gorbachev (1985 - 1991),Mykytenko O. (1986-2000),"Шего, Крашемир",Yugoslavia(Herzegovina),1989-06-27T00:00:00
578,M. S. Gorbachev (1985 - 1991),Korotych V. (1978-1986),"Шеріф, Мохаммед",India,1986-03-12T00:00:00
579,Y. V. Andropov (1982 - 1984),Korotych V. (1978-1986),"Шехаде, Мухаммед",Palestine,1984-01-20T00:00:00
580,L. I. Brezhnev (1964 - 1982),Pavlychko D. (1971-1978),Шленкер Ю.,German Democratic Republic,1975-12-31T00:00:00
581,L. I. Brezhnev (1964 - 1982),Poltoratskyy O. (1958-1971),"Шмідер, Майке",German Democratic Republic,1969-12-31T00:00:00
582,L. I. Brezhnev (1964 - 1982),Poltoratskyy O. (1958-1971),"Шмідт, Маріанне",German Democratic Republic,1969-12-31T00:00:00
583,L. I. Brezhnev (1964 - 1982),Korotych V. (1978-1986),"Шмідт, Маріанне",German Democratic Republic,1981-12-04T00:00:00
584,L. I. Brezhnev (1964 - 1982),Korotych V. (1978-1986),"Шнайдер(Кравцец), Марія",German Democratic Republic,1981-12-04T00:00:00
585,L. I. Brezhnev (1964 - 1982),Poltoratskyy O. (1958-1971),"Шолц, Ото",Yugoslavia,1969-12-31T00:00:00
586,L. I. Brezhnev (1964 - 1982),Poltoratskyy O. (1958-1971),"Шпендер, Вольдемар",German Democratic Republic,1969-12-31T00:00:00
587,L. I. Brezhnev (1964 - 1982),Korotych V. (1978-1986),"Шпігель, Йорн",German Democratic Republic,1981-12-04T00:00:00
588,K. U. Chernenko (1984 - 1985),Korotych V. (1978-1986),"Штайманн, Ганс Юрген",German Democratic Republic,1984-10-29T00:00:00
589,M. S. Gorbachev (1985 - 1991),Mykytenko O. (1986-2000),"Шульц, Бернгард",Federal Republic of Germany,1991-10-22T00:00:00
590,L. I. Brezhnev (1964 - 1982),Pavlychko D. (1971-1978),"Штіллер, Роберт",German Democratic Republic,1973-10-12T00:00:00
591,L. I. Brezhnev (1964 - 1982),Pavlychko D. (1971-1978),"Шьоне, Гізела",German Democratic Republic,1976-04-28T00:00:00
592,L. I. Brezhnev (1964 - 1982),Pavlychko D. (1971-1978),"Шьоне, Гізела",German Democratic Republic,1977-06-07T00:00:00
593,Y. V. Andropov (1982 - 1984),Korotych V. (1978-1986),"Щепанскі, Герда",West Berlin,1983-12-16T00:00:00
594,L. I. Brezhnev (1964 - 1982),Poltoratskyy O. (1958-1971),"Юаса, Єсіко",Japan,1968-12-31T00:00:00
595,M. S. Gorbachev (1985 - 1991),Korotych V. (1978-1986),"Юзларі, Емілія",Bulgaria,1985-10-30T00:00:00
596,M. S. Gorbachev (1985 - 1991),Mykytenko O. (1986-2000),"Яворський, Віт",Poland,1989-06-26T00:00:00
597,K. U. Chernenko (1984 - 1985),Korotych V. (1978-1986),"Яноудова, Гана",Czechoslovak Socialist Republic(Czechia),1984-12-13T00:00:00
598,L. I. Brezhnev (1964 - 1982),Poltoratskyy O. (1958-1971),"Ячев, Ристо",Yugoslavia,1969-12-31T00:00:00
